age,weight,height,bmi,goal,level,exercise,duration,image
25,70,170,24.22,muscle_gain,beginner,squat,35,squat.jpg
30,80,175,26.12,muscle_gain,intermediate,deadlift,55,deadlift.jpg
22,65,168,23.04,upper_body,beginner,push_up,30,pushup.jpg
28,90,180,27.78,lower_body,intermediate,lunges,50,lunges.jpg
35,75,165,27.55,fat_loss,beginner,jumping_jacks,30,jumping_jacks.jpg
40,85,172,28.74,core,intermediate,plank,45,plank.jpg
19,60,155,24.98,full_body,advanced,burpees,75,burpees.jpg
45,95,185,27.76,muscle_gain,advanced,bench_press,80,bench_press.jpg
31,68,160,26.56,upper_body,intermediate,shoulder_press,55,shoulder_press.jpg
26,78,178,24.61,lower_body,beginner,glute_bridge,35,glute_bridge.jpg
33,82,170,28.37,fat_loss,intermediate,mountain_climbers,50,mountain_climbers.jpg
29,72,176,23.24,core,advanced,russian_twist,65,russian_twist.jpg
38,88,182,26.56,full_body,intermediate,kettlebell_swing,60,kettlebell_swing.jpg
21,55,150,24.44,muscle_gain,beginner,goblet_squat,40,goblet_squat.jpg
34,95,190,26.32,lower_body,advanced,hip_thrust,75,hip_thrust.jpg
27,65,172,21.97,upper_body,beginner,pull_up,30,pull_up.jpg
24,85,177,27.13,core,intermediate,crunches,45,crunches.jpg
41,100,185,29.22,fat_loss,advanced,high_knees,85,high_knees.jpg
32,72,168,25.51,full_body,beginner,lunges,40,lunges.jpg
23,68,170,23.53,muscle_gain,intermediate,romanian_deadlift,60,romanian_deadlift.jpg
36,78,174,25.76,lower_body,beginner,calf_raise,30,calf_raise.jpg
20,50,145,23.77,upper_body,intermediate,dumbbell_curl,50,dumbbell_curl.jpg
42,92,178,29.03,fat_loss,beginner,burpees,35,burpees.jpg
39,82,183,24.49,core,advanced,bicycle_crunch,70,bicycle_crunch.jpg
18,60,160,23.44,full_body,intermediate,box_jump,55,box_jump.jpg
37,86,170,29.76,muscle_gain,advanced,deadlift,85,deadlift.jpg
28,64,165,23.51,lower_body,intermediate,squat,50,squat.jpg
33,77,179,24.03,upper_body,advanced,triceps_dip,70,triceps_dip.jpg
45,110,188,31.12,fat_loss,intermediate,jumping_jacks,50,jumping_jacks.jpg
26,63,162,24.00,core,beginner,leg_raise,35,leg_raise.jpg
31,74,170,25.61,full_body,advanced,deadlift,80,deadlift.jpg
24,81,175,26.45,muscle_gain,intermediate,bench_press,60,bench_press.jpg
29,70,172,23.66,lower_body,beginner,glute_bridge,30,glute_bridge.jpg
35,96,183,28.67,fat_loss,advanced,mountain_climbers,80,mountain_climbers.jpg
22,58,152,25.11,upper_body,beginner,push_up,30,pushup.jpg
34,84,177,26.81,core,intermediate,plank,50,plank.jpg
48,102,190,28.26,full_body,advanced,burpees,90,burpees.jpg
27,66,169,23.11,muscle_gain,beginner,squat,35,squat.jpg
30,79,176,25.50,lower_body,intermediate,lunges,55,lunges.jpg
25,73,165,26.81,fat_loss,beginner,high_knees,30,high_knees.jpg
41,89,180,27.47,core,advanced,crunches,75,crunches.jpg
19,62,158,24.83,upper_body,intermediate,shoulder_press,45,shoulder_press.jpg
36,90,172,30.43,full_body,advanced,kettlebell_swing,85,kettlebell_swing.jpg
23,67,170,23.18,muscle_gain,intermediate,goblet_squat,60,goblet_squat.jpg
32,80,182,24.15,lower_body,beginner,hip_thrust,40,hip_thrust.jpg
44,98,185,28.64,fat_loss,intermediate,box_jump,65,box_jump.jpg
28,71,168,25.16,core,beginner,russian_twist,35,russian_twist.jpg
33,86,175,28.08,upper_body,advanced,pull_up,80,pull_up.jpg
21,57,150,25.33,full_body,beginner,jumping_jacks,35,jumping_jacks.jpg
38,93,178,29.35,muscle_gain,intermediate,romanian_deadlift,70,romanian_deadlift.jpg
26,69,163,25.97,lower_body,advanced,squat,75,squat.jpg
40,101,185,29.52,fat_loss,beginner,burpees,40,burpees.jpg
29,74,174,24.44,core,intermediate,bicycle_crunch,50,bicycle_crunch.jpg
35,83,170,28.73,upper_body,beginner,dumbbell_curl,35,dumbbell_curl.jpg
22,64,158,25.64,full_body,advanced,mountain_climbers,70,mountain_climbers.jpg
45,97,190,26.87,muscle_gain,intermediate,bench_press,65,bench_press.jpg
31,76,172,25.69,lower_body,beginner,calf_raise,30,calf_raise.jpg
24,80,178,25.25,fat_loss,intermediate,high_knees,50,high_knees.jpg
37,88,180,27.16,core,advanced,leg_raise,80,leg_raise.jpg
20,54,148,24.64,upper_body,beginner,push_up,30,pushup.jpg
39,94,183,28.06,full_body,intermediate,box_jump,65,box_jump.jpg
28,68,165,24.97,muscle_gain,advanced,deadlift,85,deadlift.jpg
33,79,170,27.34,lower_body,intermediate,lunges,55,lunges.jpg
46,103,188,29.14,fat_loss,beginner,jumping_jacks,35,jumping_jacks.jpg
27,65,160,25.39,core,advanced,plank,70,plank.jpg
30,82,175,26.78,upper_body,intermediate,triceps_dip,55,triceps_dip.jpg
25,71,168,25.16,full_body,beginner,squat,40,squat.jpg
41,99,185,28.93,muscle_gain,intermediate,goblet_squat,65,goblet_squat.jpg
34,87,178,27.46,lower_body,advanced,hip_thrust,80,hip_thrust.jpg
19,61,153,26.06,fat_loss,beginner,mountain_climbers,30,mountain_climbers.jpg
32,75,176,24.21,core,intermediate,crunches,45,crunches.jpg
23,66,162,25.16,upper_body,advanced,shoulder_press,75,shoulder_press.jpg
38,91,180,28.09,full_body,intermediate,kettlebell_swing,60,kettlebell_swing.jpg
29,73,173,24.40,muscle_gain,beginner,romanian_deadlift,45,romanian_deadlift.jpg
35,89,182,26.87,lower_body,beginner,glute_bridge,35,glute_bridge.jpg
42,96,185,28.05,fat_loss,advanced,burpees,85,burpees.jpg
26,62,160,24.22,core,beginner,russian_twist,30,russian_twist.jpg
31,80,170,27.68,upper_body,intermediate,pull_up,60,pull_up.jpg
47,104,190,28.80,full_body,advanced,deadlift,90,deadlift.jpg
21,59,155,24.56,muscle_gain,intermediate,squat,55,squat.jpg
36,86,174,28.41,lower_body,advanced,lunges,80,lunges.jpg
24,70,168,24.80,fat_loss,beginner,high_knees,30,high_knees.jpg
39,92,178,29.03,core,intermediate,bicycle_crunch,50,bicycle_crunch.jpg
28,67,165,24.61,upper_body,beginner,dumbbell_curl,35,dumbbell_curl.jpg
33,84,176,27.12,full_body,advanced,mountain_climbers,75,mountain_climbers.jpg
44,100,183,29.86,muscle_gain,intermediate,bench_press,70,bench_press.jpg
30,72,168,25.51,lower_body,beginner,calf_raise,30,calf_raise.jpg
25,78,175,25.47,fat_loss,intermediate,box_jump,55,box_jump.jpg
37,90,172,30.43,core,advanced,leg_raise,85,leg_raise.jpg
22,63,155,26.22,upper_body,beginner,push_up,30,pushup.jpg
40,95,180,29.32,full_body,intermediate,burpees,65,burpees.jpg
29,70,170,24.22,muscle_gain,advanced,goblet_squat,80,goblet_squat.jpg
34,82,177,26.18,lower_body,intermediate,hip_thrust,60,hip_thrust.jpg
45,98,185,28.64,fat_loss,beginner,jumping_jacks,35,jumping_jacks.jpg
27,66,162,25.16,core,advanced,plank,70,plank.jpg
31,77,174,25.43,upper_body,intermediate,triceps_dip,55,triceps_dip.jpg
23,69,165,25.35,full_body,beginner,squat,40,squat.jpg
38,88,178,27.78,muscle_gain,intermediate,deadlift,65,deadlift.jpg
33,86,170,29.76,lower_body,advanced,lunges,85,lunges.jpg
20,55,150,24.44,fat_loss,beginner,mountain_climbers,30,mountain_climbers.jpg
42,100,188,28.29,core,intermediate,crunches,50,crunches.jpg
26,72,168,25.51,upper_body,advanced,shoulder_press,75,shoulder_press.jpg
35,84,180,25.93,full_body,intermediate,kettlebell_swing,60,kettlebell_swing.jpg
24,65,158,26.04,muscle_gain,beginner,romanian_deadlift,40,romanian_deadlift.jpg
39,93,182,28.07,lower_body,beginner,glute_bridge,35,glute_bridge.jpg
46,102,190,28.26,fat_loss,advanced,high_knees,85,high_knees.jpg
28,68,165,24.97,core,beginner,russian_twist,30,russian_twist.jpg
32,79,176,25.50,upper_body,intermediate,pull_up,60,pull_up.jpg
41,96,183,28.67,full_body,advanced,burpees,90,burpees.jpg
19,60,150,26.67,muscle_gain,intermediate,squat,50,squat.jpg
36,88,174,29.07,lower_body,advanced,lunges,80,lunges.jpg
25,73,170,25.26,fat_loss,beginner,jumping_jacks,30,jumping_jacks.jpg
30,75,172,25.36,core,intermediate,bicycle_crunch,50,bicycle_crunch.jpg
22,62,155,25.81,upper_body,beginner,push_up,30,pushup.jpg
37,90,178,28.41,full_body,advanced,mountain_climbers,80,mountain_climbers.jpg
44,99,185,28.93,muscle_gain,intermediate,bench_press,65,bench_press.jpg
29,71,168,25.16,lower_body,beginner,calf_raise,30,calf_raise.jpg
33,83,175,27.10,fat_loss,intermediate,box_jump,55,box_jump.jpg
38,92,180,28.40,core,advanced,leg_raise,80,leg_raise.jpg
21,57,148,26.03,upper_body,beginner,dumbbell_curl,30,dumbbell_curl.jpg
40,94,182,28.38,full_body,intermediate,kettlebell_swing,65,kettlebell_swing.jpg
27,70,170,24.22,muscle_gain,advanced,deadlift,85,deadlift.jpg
34,85,177,27.13,lower_body,intermediate,hip_thrust,60,hip_thrust.jpg
45,101,188,28.58,fat_loss,beginner,burpees,40,burpees.jpg
26,64,160,25.00,core,advanced,plank,70,plank.jpg
32,78,174,25.76,upper_body,intermediate,triceps_dip,55,triceps_dip.jpg
24,70,165,25.71,full_body,beginner,squat,40,squat.jpg
39,89,178,28.09,muscle_gain,intermediate,goblet_squat,65,goblet_squat.jpg
33,87,170,30.10,lower_body,advanced,lunges,85,lunges.jpg
20,54,148,24.64,fat_loss,beginner,mountain_climbers,30,mountain_climbers.jpg
41,98,183,29.27,core,intermediate,crunches,50,crunches.jpg
28,72,168,25.51,upper_body,advanced,shoulder_press,75,shoulder_press.jpg
35,86,180,26.54,full_body,intermediate,box_jump,60,box_jump.jpg
23,66,162,25.16,muscle_gain,beginner,romanian_deadlift,40,romanian_deadlift.jpg
38,92,175,30.04,lower_body,beginner,glute_bridge,35,glute_bridge.jpg
46,103,190,28.54,fat_loss,advanced,high_knees,85,high_knees.jpg
29,69,165,25.35,core,beginner,russian_twist,30,russian_twist.jpg
31,80,176,25.83,upper_body,intermediate,pull_up,60,pull_up.jpg
42,100,185,29.22,full_body,advanced,burpees,90,burpees.jpg
19,61,153,26.06,muscle_gain,intermediate,squat,55,squat.jpg
36,89,174,29.40,lower_body,advanced,hip_thrust,80,hip_thrust.jpg
25,72,170,24.91,fat_loss,beginner,jumping_jacks,30,jumping_jacks.jpg
30,74,172,25.02,core,intermediate,bicycle_crunch,50,bicycle_crunch.jpg
22,63,158,25.23,upper_body,beginner,push_up,30,pushup.jpg
37,91,178,28.72,full_body,advanced,mountain_climbers,80,mountain_climbers.jpg
44,98,185,28.64,muscle_gain,intermediate,bench_press,65,bench_press.jpg
27,67,165,24.61,lower_body,beginner,calf_raise,30,calf_raise.jpg
33,84,175,27.43,fat_loss,intermediate,box_jump,55,box_jump.jpg
39,93,180,28.70,core,advanced,leg_raise,80,leg_raise.jpg
21,58,150,25.78,upper_body,beginner,dumbbell_curl,30,dumbbell_curl.jpg
40,95,182,28.68,full_body,intermediate,kettlebell_swing,65,kettlebell_swing.jpg
28,71,170,24.57,muscle_gain,advanced,deadlift,85,deadlift.jpg
34,86,177,27.46,lower_body,intermediate,lunges,60,lunges.jpg
45,102,188,28.87,fat_loss,beginner,burpees,40,burpees.jpg
26,65,160,25.39,core,advanced,plank,70,plank.jpg
32,79,174,26.10,upper_body,intermediate,triceps_dip,55,triceps_dip.jpg
23,69,165,25.35,full_body,beginner,squat,40,squat.jpg
38,90,178,28.41,muscle_gain,intermediate,goblet_squat,65,goblet_squat.jpg
33,88,170,30.45,lower_body,advanced,hip_thrust,85,hip_thrust.jpg
20,55,148,25.11,fat_loss,beginner,mountain_climbers,30,mountain_climbers.jpg
41,97,183,28.97,core,intermediate,crunches,50,crunches.jpg
29,73,168,25.86,upper_body,advanced,shoulder_press,75,shoulder_press.jpg
35,87,180,26.85,full_body,intermediate,box_jump,60,box_jump.jpg
24,67,162,25.54,muscle_gain,beginner,romanian_deadlift,40,romanian_deadlift.jpg
39,94,175,30.69,lower_body,beginner,glute_bridge,35,glute_bridge.jpg
46,104,190,28.80,fat_loss,advanced,high_knees,85,high_knees.jpg
27,68,165,24.97,core,beginner,russian_twist,30,russian_twist.jpg
30,81,176,26.15,upper_body,intermediate,pull_up,60,pull_up.jpg
42,99,185,28.93,full_body,advanced,burpees,90,burpees.jpg
18,60,155,24.98,muscle_gain,intermediate,squat,50,squat.jpg
36,88,174,29.07,lower_body,advanced,lunges,80,lunges.jpg
25,74,170,25.61,fat_loss,beginner,jumping_jacks,30,jumping_jacks.jpg
31,76,172,25.69,core,intermediate,bicycle_crunch,50,bicycle_crunch.jpg
22,61,155,25.39,upper_body,beginner,push_up,30,pushup.jpg
37,90,178,28.41,full_body,advanced,mountain_climbers,80,mountain_climbers.jpg
44,100,185,29.22,muscle_gain,intermediate,bench_press,65,bench_press.jpg
28,70,168,24.80,lower_body,beginner,calf_raise,30,calf_raise.jpg
33,85,175,27.76,fat_loss,intermediate,box_jump,55,box_jump.jpg
38,94,180,29.01,core,advanced,leg_raise,80,leg_raise.jpg
21,56,150,24.89,upper_body,beginner,dumbbell_curl,30,dumbbell_curl.jpg
40,96,182,28.98,full_body,intermediate,kettlebell_swing,65,kettlebell_swing.jpg
29,72,170,24.91,muscle_gain,advanced,deadlift,85,deadlift.jpg
34,87,177,27.78,lower_body,intermediate,hip_thrust,60,hip_thrust.jpg
45,103,188,29.16,fat_loss,beginner,burpees,40,burpees.jpg
26,66,160,25.78,core,advanced,plank,70,plank.jpg
32,80,174,26.43,upper_body,intermediate,triceps_dip,55,triceps_dip.jpg
24,71,165,26.08,full_body,beginner,squat,40,squat.jpg
39,91,178,28.72,muscle_gain,intermediate,goblet_squat,65,goblet_squat.jpg
33,89,170,30.80,lower_body,advanced,lunges,85,lunges.jpg
20,56,150,24.89,fat_loss,beginner,mountain_climbers,30,mountain_climbers.jpg
41,98,183,29.27,core,intermediate,crunches,50,crunches.jpg
27,69,165,25.35,upper_body,advanced,shoulder_press,75,shoulder_press.jpg
35,88,180,27.16,full_body,intermediate,box_jump,60,box_jump.jpg
23,68,162,25.92,muscle_gain,beginner,romanian_deadlift,40,romanian_deadlift.jpg
38,93,175,30.37,lower_body,beginner,glute_bridge,35,glute_bridge.jpg
46,105,190,29.09,fat_loss,advanced,high_knees,85,high_knees.jpg
28,67,165,24.61,core,beginner,russian_twist,30,russian_twist.jpg
31,82,176,26.48,upper_body,intermediate,pull_up,60,pull_up.jpg
42,100,185,29.22,full_body,advanced,burpees,90,burpees.jpg
19,62,153,26.50,muscle_gain,intermediate,squat,55,squat.jpg
36,90,174,29.73,lower_body,advanced,hip_thrust,80,hip_thrust.jpg
25,73,170,25.26,fat_loss,beginner,jumping_jacks,30,jumping_jacks.jpg
30,75,172,25.36,core,intermediate,bicycle_crunch,50,bicycle_crunch.jpg
22,64,158,25.64,upper_body,beginner,push_up,30,pushup.jpg
37,92,178,29.03,full_body,advanced,mountain_climbers,80,mountain_climbers.jpg
44,99,185,28.93,muscle_gain,intermediate,bench_press,65,bench_press.jpg
29,71,168,25.16,lower_body,beginner,calf_raise,30,calf_raise.jpg
33,84,175,27.43,fat_loss,intermediate,box_jump,55,box_jump.jpg
38,93,180,28.70,core,advanced,leg_raise,80,leg_raise.jpg
21,59,150,26.22,upper_body,beginner,dumbbell_curl,30,dumbbell_curl.jpg
40,95,182,28.68,full_body,intermediate,kettlebell_swing,65,kettlebell_swing.jpg
28,70,170,24.22,muscle_gain,advanced,deadlift,85,deadlift.jpg
34,86,177,27.46,lower_body,intermediate,lunges,60,lunges.jpg
45,102,188,28.87,fat_loss,beginner,burpees,40,burpees.jpg
26,65,160,25.39,core,advanced,plank,70,plank.jpg
32,79,174,26.10,upper_body,intermediate,triceps_dip,55,triceps_dip.jpg
23,69,165,25.35,full_body,beginner,squat,40,squat.jpg
38,90,178,28.41,muscle_gain,intermediate,goblet_squat,65,goblet_squat.jpg
33,88,170,30.45,lower_body,advanced,hip_thrust,85,hip_thrust.jpg
20,55,148,25.11,fat_loss,beginner,mountain_climbers,30,mountain_climbers.jpg
41,97,183,28.97,core,intermediate,crunches,50,crunches.jpg
29,73,168,25.86,upper_body,advanced,shoulder_press,75,shoulder_press.jpg
35,87,180,26.85,full_body,intermediate,box_jump,60,box_jump.jpg
24,67,162,25.54,muscle_gain,beginner,romanian_deadlift,40,romanian_deadlift.jpg
39,94,175,30.69,lower_body,beginner,glute_bridge,35,glute_bridge.jpg
46,104,190,28.80,fat_loss,advanced,high_knees,85,high_knees.jpg
27,68,165,24.97,core,beginner,russian_twist,30,russian_twist.jpg
30,81,176,26.15,upper_body,intermediate,pull_up,60,pull_up.jpg
42,99,185,28.93,full_body,advanced,burpees,90,burpees.jpg
18,60,155,24.98,muscle_gain,intermediate,squat,50,squat.jpg
36,88,174,29.07,lower_body,advanced,lunges,80,lunges.jpg
25,74,170,25.61,fat_loss,beginner,jumping_jacks,30,jumping_jacks.jpg
31,76,172,25.69,core,intermediate,bicycle_crunch,50,bicycle_crunch.jpg
22,61,155,25.39,upper_body,beginner,push_up,30,pushup.jpg
37,90,178,28.41,full_body,advanced,mountain_climbers,80,mountain_climbers.jpg
44,100,185,29.22,muscle_gain,intermediate,bench_press,65,bench_press.jpg
28,70,168,24.80,lower_body,beginner,calf_raise,30,calf_raise.jpg
33,85,175,27.76,fat_loss,intermediate,box_jump,55,box_jump.jpg
38,94,180,29.01,core,advanced,leg_raise,80,leg_raise.jpg
21,56,150,24.89,upper_body,beginner,dumbbell_curl,30,dumbbell_curl.jpg
40,96,182,28.98,full_body,intermediate,kettlebell_swing,65,kettlebell_swing.jpg
29,72,170,24.91,muscle_gain,advanced,deadlift,85,deadlift.jpg
34,87,177,27.78,lower_body,intermediate,hip_thrust,60,hip_thrust.jpg
45,103,188,29.16,fat_loss,beginner,burpees,40,burpees.jpg
26,66,160,25.78,core,advanced,plank,70,plank.jpg
32,80,174,26.43,upper_body,intermediate,triceps_dip,55,triceps_dip.jpg
24,71,165,26.08,full_body,beginner,squat,40,squat.jpg
39,91,178,28.72,muscle_gain,intermediate,goblet_squat,65,goblet_squat.jpg
33,89,170,30.80,lower_body,advanced,lunges,85,lunges.jpg
20,57,150,25.33,fat_loss,beginner,mountain_climbers,30,mountain_climbers.jpg
41,98,183,29.27,core,intermediate,crunches,50,crunches.jpg
27,69,165,25.35,upper_body,advanced,shoulder_press,75,shoulder_press.jpg
35,88,180,27.16,full_body,intermediate,box_jump,60,box_jump.jpg
23,67,162,25.54,muscle_gain,beginner,romanian_deadlift,40,romanian_deadlift.jpg
38,93,175,30.37,lower_body,beginner,glute_bridge,35,glute_bridge.jpg
46,105,190,29.09,fat_loss,advanced,high_knees,85,high_knees.jpg
28,66,165,24.24,core,beginner,russian_twist,30,russian_twist.jpg
31,83,176,26.80,upper_body,intermediate,pull_up,60,pull_up.jpg
42,101,185,29.52,full_body,advanced,burpees,90,burpees.jpg
19,63,153,26.91,muscle_gain,intermediate,squat,55,squat.jpg
36,89,174,29.40,lower_body,advanced,hip_thrust,80,hip_thrust.jpg
25,75,170,25.95,fat_loss,beginner,jumping_jacks,30,jumping_jacks.jpg
30,77,172,26.03,core,intermediate,bicycle_crunch,50,bicycle_crunch.jpg
22,62,158,24.83,upper_body,beginner,push_up,30,pushup.jpg
37,93,178,29.35,full_body,advanced,mountain_climbers,80,mountain_climbers.jpg
44,101,185,29.52,muscle_gain,intermediate,bench_press,65,bench_press.jpg
29,72,168,25.51,lower_body,beginner,calf_raise,30,calf_raise.jpg
33,86,175,28.08,fat_loss,intermediate,box_jump,55,box_jump.jpg
38,95,180,29.32,core,advanced,leg_raise,80,leg_raise.jpg
21,58,150,25.78,upper_body,beginner,dumbbell_curl,30,dumbbell_curl.jpg
40,97,182,29.28,full_body,intermediate,kettlebell_swing,65,kettlebell_swing.jpg
28,73,170,25.26,muscle_gain,advanced,deadlift,85,deadlift.jpg
34,88,177,28.09,lower_body,intermediate,lunges,60,lunges.jpg
45,104,188,29.45,fat_loss,beginner,burpees,40,burpees.jpg
26,67,160,26.17,core,advanced,plank,70,plank.jpg
32,81,174,26.75,upper_body,intermediate,triceps_dip,55,triceps_dip.jpg
24,72,165,26.44,full_body,beginner,squat,40,squat.jpg
39,92,178,29.03,muscle_gain,intermediate,goblet_squat,65,goblet_squat.jpg
33,90,170,31.14,lower_body,advanced,hip_thrust,85,hip_thrust.jpg
20,56,150,24.89,fat_loss,beginner,mountain_climbers,30,mountain_climbers.jpg
41,99,183,29.57,core,intermediate,crunches,50,crunches.jpg
27,70,165,25.71,upper_body,advanced,shoulder_press,75,shoulder_press.jpg
35,89,180,27.47,full_body,intermediate,box_jump,60,box_jump.jpg
23,68,162,25.92,muscle_gain,beginner,romanian_deadlift,40,romanian_deadlift.jpg
38,94,175,30.69,lower_body,beginner,glute_bridge,35,glute_bridge.jpg
46,106,190,29.36,fat_loss,advanced,high_knees,85,high_knees.jpg
29,68,165,24.97,core,beginner,russian_twist,30,russian_twist.jpg
31,84,176,27.12,upper_body,intermediate,pull_up,60,pull_up.jpg
42,102,185,29.81,full_body,advanced,burpees,90,burpees.jpg
18,59,155,24.55,muscle_gain,intermediate,squat,50,squat.jpg
36,90,174,29.73,lower_body,advanced,lunges,80,lunges.jpg
25,76,170,26.30,fat_loss,beginner,jumping_jacks,30,jumping_jacks.jpg
31,78,172,26.37,core,intermediate,bicycle_crunch,50,bicycle_crunch.jpg
22,63,158,25.23,upper_body,beginner,push_up,30,pushup.jpg
37,94,178,29.67,full_body,advanced,mountain_climbers,80,mountain_climbers.jpg
44,102,185,29.81,muscle_gain,intermediate,bench_press,65,bench_press.jpg
28,71,168,25.16,lower_body,beginner,calf_raise,30,calf_raise.jpg
33,87,175,28.41,fat_loss,intermediate,box_jump,55,box_jump.jpg
38,96,180,29.63,core,advanced,leg_raise,80,leg_raise.jpg
21,60,150,26.67,upper_body,beginner,dumbbell_curl,30,dumbbell_curl.jpg
40,98,182,29.58,full_body,intermediate,kettlebell_swing,65,kettlebell_swing.jpg
29,74,170,25.61,muscle_gain,advanced,deadlift,85,deadlift.jpg
34,89,177,28.41,lower_body,intermediate,hip_thrust,60,hip_thrust.jpg
45,105,188,29.73,fat_loss,beginner,burpees,40,burpees.jpg
26,68,160,26.56,core,advanced,plank,70,plank.jpg
32,82,174,27.08,upper_body,intermediate,triceps_dip,55,triceps_dip.jpg
24,73,165,26.82,full_body,beginner,squat,40,squat.jpg
39,93,178,29.35,muscle_gain,intermediate,goblet_squat,65,goblet_squat.jpg
33,91,170,31.49,lower_body,advanced,lunges,85,lunges.jpg
20,58,150,25.78,fat_loss,beginner,mountain_climbers,30,mountain_climbers.jpg
41,100,183,29.86,core,intermediate,crunches,50,crunches.jpg
27,71,165,26.08,upper_body,advanced,shoulder_press,75,shoulder_press.jpg
35,90,180,27.78,full_body,intermediate,box_jump,60,box_jump.jpg
23,69,162,26.30,muscle_gain,beginner,romanian_deadlift,40,romanian_deadlift.jpg
38,95,175,31.02,lower_body,beginner,glute_bridge,35,glute_bridge.jpg
46,107,190,29.64,fat_loss,advanced,high_knees,85,high_knees.jpg
28,67,165,24.61,core,beginner,russian_twist,30,russian_twist.jpg
31,85,176,27.45,upper_body,intermediate,pull_up,60,pull_up.jpg
42,103,185,30.10,full_body,advanced,burpees,90,burpees.jpg
19,64,153,27.34,muscle_gain,intermediate,squat,55,squat.jpg
36,91,174,30.07,lower_body,advanced,hip_thrust,80,hip_thrust.jpg
25,77,170,26.64,fat_loss,beginner,jumping_jacks,30,jumping_jacks.jpg
30,79,172,26.71,core,intermediate,bicycle_crunch,50,bicycle_crunch.jpg
22,64,158,25.64,upper_body,beginner,push_up,30,pushup.jpg
37,95,178,29.99,full_body,advanced,mountain_climbers,80,mountain_climbers.jpg
44,103,185,30.10,muscle_gain,intermediate,bench_press,65,bench_press.jpg
29,73,168,25.86,lower_body,beginner,calf_raise,30,calf_raise.jpg
33,88,175,28.73,fat_loss,intermediate,box_jump,55,box_jump.jpg
38,97,180,29.94,core,advanced,leg_raise,80,leg_raise.jpg
21,61,150,27.11,upper_body,beginner,dumbbell_curl,30,dumbbell_curl.jpg
40,99,182,29.88,full_body,intermediate,kettlebell_swing,65,kettlebell_swing.jpg
28,75,170,25.95,muscle_gain,advanced,deadlift,85,deadlift.jpg
34,90,177,28.73,lower_body,intermediate,lunges,60,lunges.jpg
45,106,188,30.01,fat_loss,beginner,burpees,40,burpees.jpg
26,69,160,26.95,core,advanced,plank,70,plank.jpg
32,83,174,27.41,upper_body,intermediate,triceps_dip,55,triceps_dip.jpg
24,74,165,27.18,full_body,beginner,squat,40,squat.jpg
39,94,178,29.67,muscle_gain,intermediate,goblet_squat,65,goblet_squat.jpg
33,92,170,31.83,lower_body,advanced,hip_thrust,85,hip_thrust.jpg
20,59,150,26.22,fat_loss,beginner,mountain_climbers,30,mountain_climbers.jpg
41,101,183,30.16,core,intermediate,crunches,50,crunches.jpg
27,72,165,26.44,upper_body,advanced,shoulder_press,75,shoulder_press.jpg
35,91,180,28.09,full_body,intermediate,box_jump,60,box_jump.jpg
23,70,162,26.68,muscle_gain,beginner,romanian_deadlift,40,romanian_deadlift.jpg
38,96,175,31.35,lower_body,beginner,glute_bridge,35,glute_bridge.jpg
46,108,190,29.92,fat_loss,advanced,high_knees,85,high_knees.jpg
29,69,165,25.35,core,beginner,russian_twist,30,russian_twist.jpg
31,86,176,27.77,upper_body,intermediate,pull_up,60,pull_up.jpg
42,104,185,30.40,full_body,advanced,burpees,90,burpees.jpg
18,60,155,24.98,muscle_gain,intermediate,squat,50,squat.jpg
36,92,174,30.40,lower_body,advanced,lunges,80,lunges.jpg
25,78,170,26.99,fat_loss,beginner,jumping_jacks,30,jumping_jacks.jpg
30,80,172,27.05,core,intermediate,bicycle_crunch,50,bicycle_crunch.jpg
22,65,158,26.04,upper_body,beginner,push_up,30,pushup.jpg
37,96,178,30.30,full_body,advanced,mountain_climbers,80,mountain_climbers.jpg
44,104,185,30.40,muscle_gain,intermediate,bench_press,65,bench_press.jpg
28,74,168,26.22,lower_body,beginner,calf_raise,30,calf_raise.jpg
33,89,175,29.06,fat_loss,intermediate,box_jump,55,box_jump.jpg
38,98,180,30.25,core,advanced,leg_raise,80,leg_raise.jpg
21,62,150,27.56,upper_body,beginner,dumbbell_curl,30,dumbbell_curl.jpg
40,100,182,30.19,full_body,intermediate,kettlebell_swing,65,kettlebell_swing.jpg
29,76,170,26.30,muscle_gain,advanced,deadlift,85,deadlift.jpg
34,91,177,29.05,lower_body,intermediate,hip_thrust,60,hip_thrust.jpg
45,107,188,30.28,fat_loss,beginner,burpees,40,burpees.jpg
26,70,160,27.34,core,advanced,plank,70,plank.jpg
32,84,174,27.74,upper_body,intermediate,triceps_dip,55,triceps_dip.jpg
24,75,165,27.55,full_body,beginner,squat,40,squat.jpg
39,95,178,29.99,muscle_gain,intermediate,goblet_squat,65,goblet_squat.jpg
33,93,170,32.18,lower_body,advanced,lunges,85,lunges.jpg
20,60,150,26.67,fat_loss,beginner,mountain_climbers,30,mountain_climbers.jpg
41,102,183,30.46,core,intermediate,crunches,50,crunches.jpg
27,73,165,26.82,upper_body,advanced,shoulder_press,75,shoulder_press.jpg
35,92,180,28.40,full_body,intermediate,box_jump,60,box_jump.jpg
23,71,162,27.06,muscle_gain,beginner,romanian_deadlift,40,romanian_deadlift.jpg
38,97,175,31.68,lower_body,beginner,glute_bridge,35,glute_bridge.jpg
46,109,190,30.19,fat_loss,advanced,high_knees,85,high_knees.jpg
28,68,165,24.97,core,beginner,russian_twist,30,russian_twist.jpg
31,87,176,28.09,upper_body,intermediate,pull_up,60,pull_up.jpg
42,105,185,30.69,full_body,advanced,burpees,90,burpees.jpg
19,65,153,27.77,muscle_gain,intermediate,squat,55,squat.jpg
36,93,174,30.73,lower_body,advanced,hip_thrust,80,hip_thrust.jpg
25,79,170,27.34,fat_loss,beginner,jumping_jacks,30,jumping_jacks.jpg
30,81,172,27.38,core,intermediate,bicycle_crunch,50,bicycle_crunch.jpg
22,66,158,26.44,upper_body,beginner,push_up,30,pushup.jpg
37,97,178,30.62,full_body,advanced,mountain_climbers,80,mountain_climbers.jpg
44,105,185,30.69,muscle_gain,intermediate,bench_press,65,bench_press.jpg
29,75,168,26.57,lower_body,beginner,calf_raise,30,calf_raise.jpg
33,90,175,29.39,fat_loss,intermediate,box_jump,55,box_jump.jpg
38,99,180,30.56,core,advanced,leg_raise,80,leg_raise.jpg
21,63,150,28.00,upper_body,beginner,dumbbell_curl,30,dumbbell_curl.jpg
40,101,182,30.49,full_body,intermediate,kettlebell_swing,65,kettlebell_swing.jpg
28,77,170,26.64,muscle_gain,advanced,deadlift,85,deadlift.jpg
34,92,177,29.37,lower_body,intermediate,lunges,60,lunges.jpg
45,108,188,30.56,fat_loss,beginner,burpees,40,burpees.jpg
26,71,160,27.73,core,advanced,plank,70,plank.jpg
32,85,174,28.07,upper_body,intermediate,triceps_dip,55,triceps_dip.jpg
24,76,165,27.91,full_body,beginner,squat,40,squat.jpg
39,96,178,30.30,muscle_gain,intermediate,goblet_squat,65,goblet_squat.jpg
33,94,170,32.53,lower_body,advanced,hip_thrust,85,hip_thrust.jpg
20,61,150,27.11,fat_loss,beginner,mountain_climbers,30,mountain_climbers.jpg
41,103,183,30.76,core,intermediate,crunches,50,crunches.jpg
27,74,165,27.18,upper_body,advanced,shoulder_press,75,shoulder_press.jpg
35,93,180,28.70,full_body,intermediate,box_jump,60,box_jump.jpg
23,72,162,27.43,muscle_gain,beginner,romanian_deadlift,40,romanian_deadlift.jpg
38,98,175,32.02,lower_body,beginner,glute_bridge,35,glute_bridge.jpg
46,110,190,30.47,fat_loss,advanced,high_knees,85,high_knees.jpg
29,70,165,25.71,core,beginner,russian_twist,30,russian_twist.jpg
31,88,176,28.41,upper_body,intermediate,pull_up,60,pull_up.jpg
42,106,185,30.98,full_body,advanced,burpees,90,burpees.jpg
18,61,155,25.39,muscle_gain,intermediate,squat,50,squat.jpg
36,94,174,31.06,lower_body,advanced,lunges,80,lunges.jpg
25,80,170,27.68,fat_loss,beginner,jumping_jacks,30,jumping_jacks.jpg
30,82,172,27.72,core,intermediate,bicycle_crunch,50,bicycle_crunch.jpg
22,67,158,26.84,upper_body,beginner,push_up,30,pushup.jpg
37,98,178,30.94,full_body,advanced,mountain_climbers,80,mountain_climbers.jpg
44,106,185,30.98,muscle_gain,intermediate,bench_press,65,bench_press.jpg
28,76,168,26.93,lower_body,beginner,calf_raise,30,calf_raise.jpg
33,91,175,29.71,fat_loss,intermediate,box_jump,55,box_jump.jpg
38,100,180,30.86,core,advanced,leg_raise,80,leg_raise.jpg
21,64,150,28.44,upper_body,beginner,dumbbell_curl,30,dumbbell_curl.jpg
40,102,182,30.79,full_body,intermediate,kettlebell_swing,65,kettlebell_swing.jpg
29,78,170,26.99,muscle_gain,advanced,deadlift,85,deadlift.jpg
34,93,177,29.69,lower_body,intermediate,hip_thrust,60,hip_thrust.jpg
45,109,188,30.84,fat_loss,beginner,burpees,40,burpees.jpg
26,72,160,28.13,core,advanced,plank,70,plank.jpg
32,86,174,28.40,upper_body,intermediate,triceps_dip,55,triceps_dip.jpg
24,77,165,28.28,full_body,beginner,squat,40,squat.jpg
39,97,178,30.62,muscle_gain,intermediate,goblet_squat,65,goblet_squat.jpg
33,95,170,32.87,lower_body,advanced,lunges,85,lunges.jpg
20,62,150,27.56,fat_loss,beginner,mountain_climbers,30,mountain_climbers.jpg
41,104,183,31.06,core,intermediate,crunches,50,crunches.jpg
27,75,165,27.55,upper_body,advanced,shoulder_press,75,shoulder_press.jpg
35,94,180,29.01,full_body,intermediate,box_jump,60,box_jump.jpg
23,73,162,27.81,muscle_gain,beginner,romanian_deadlift,40,romanian_deadlift.jpg
38,99,175,32.35,lower_body,beginner,glute_bridge,35,glute_bridge.jpg
46,111,190,30.75,fat_loss,advanced,high_knees,85,high_knees.jpg
28,69,165,25.35,core,beginner,russian_twist,30,russian_twist.jpg
31,89,176,28.73,upper_body,intermediate,pull_up,60,pull_up.jpg
42,107,185,31.27,full_body,advanced,burpees,90,burpees.jpg
19,66,153,28.20,muscle_gain,intermediate,squat,55,squat.jpg
36,95,174,31.39,lower_body,advanced,hip_thrust,80,hip_thrust.jpg
25,81,170,28.03,fat_loss,beginner,jumping_jacks,30,jumping_jacks.jpg
30,83,172,28.06,core,intermediate,bicycle_crunch,50,bicycle_crunch.jpg
22,68,158,27.24,upper_body,beginner,push_up,30,pushup.jpg
37,99,178,31.25,full_body,advanced,mountain_climbers,80,mountain_climbers.jpg
44,107,185,31.27,muscle_gain,intermediate,bench_press,65,bench_press.jpg
29,77,168,27.29,lower_body,beginner,calf_raise,30,calf_raise.jpg
33,92,175,30.04,fat_loss,intermediate,box_jump,55,box_jump.jpg
38,101,180,31.17,core,advanced,leg_raise,80,leg_raise.jpg
21,65,150,28.89,upper_body,beginner,dumbbell_curl,30,dumbbell_curl.jpg
40,103,182,31.10,full_body,intermediate,kettlebell_swing,65,kettlebell_swing.jpg
28,79,170,27.34,muscle_gain,advanced,deadlift,85,deadlift.jpg
34,94,177,30.01,lower_body,intermediate,lunges,60,lunges.jpg
45,110,188,31.12,fat_loss,beginner,burpees,40,burpees.jpg
26,73,160,28.52,core,advanced,plank,70,plank.jpg
32,87,174,28.73,upper_body,intermediate,triceps_dip,55,triceps_dip.jpg
24,78,165,28.65,full_body,beginner,squat,40,squat.jpg
39,98,178,30.94,muscle_gain,intermediate,goblet_squat,65,goblet_squat.jpg
33,96,170,33.22,lower_body,advanced,hip_thrust,85,hip_thrust.jpg
20,63,150,28.00,fat_loss,beginner,mountain_climbers,30,mountain_climbers.jpg
41,105,183,31.36,core,intermediate,crunches,50,crunches.jpg
27,76,165,27.91,upper_body,advanced,shoulder_press,75,shoulder_press.jpg
35,95,180,29.32,full_body,intermediate,box_jump,60,box_jump.jpg
23,74,162,28.19,muscle_gain,beginner,romanian_deadlift,40,romanian_deadlift.jpg
38,100,175,32.65,lower_body,beginner,glute_bridge,35,glute_bridge.jpg
46,112,190,31.03,fat_loss,advanced,high_knees,85,high_knees.jpg
29,71,165,26.08,core,beginner,russian_twist,30,russian_twist.jpg
31,90,176,29.06,upper_body,intermediate,pull_up,60,pull_up.jpg
42,108,185,31.56,full_body,advanced,burpees,90,burpees.jpg
18,62,155,25.81,muscle_gain,intermediate,squat,50,squat.jpg
36,96,174,31.73,lower_body,advanced,lunges,80,lunges.jpg
25,82,170,28.37,fat_loss,beginner,jumping_jacks,30,jumping_jacks.jpg
30,84,172,28.40,core,intermediate,bicycle_crunch,50,bicycle_crunch.jpg
22,69,158,27.64,upper_body,beginner,push_up,30,pushup.jpg
37,100,178,31.56,full_body,advanced,mountain_climbers,80,mountain_climbers.jpg
44,108,185,31.56,muscle_gain,intermediate,bench_press,65,bench_press.jpg
28,78,168,27.64,lower_body,beginner,calf_raise,30,calf_raise.jpg
33,93,175,30.37,fat_loss,intermediate,box_jump,55,box_jump.jpg
38,102,180,31.48,core,advanced,leg_raise,80,leg_raise.jpg
21,66,150,29.33,upper_body,beginner,dumbbell_curl,30,dumbbell_curl.jpg
40,104,182,31.40,full_body,intermediate,kettlebell_swing,65,kettlebell_swing.jpg
29,80,170,27.68,muscle_gain,advanced,deadlift,85,deadlift.jpg
34,95,177,30.33,lower_body,intermediate,hip_thrust,60,hip_thrust.jpg
45,111,188,31.40,fat_loss,beginner,burpees,40,burpees.jpg
26,74,160,28.91,core,advanced,plank,70,plank.jpg
32,88,174,29.06,upper_body,intermediate,triceps_dip,55,triceps_dip.jpg
24,79,165,29.02,full_body,beginner,squat,40,squat.jpg
39,99,178,31.25,muscle_gain,intermediate,goblet_squat,65,goblet_squat.jpg
33,97,170,33.56,lower_body,advanced,lunges,85,lunges.jpg
20,64,150,28.44,fat_loss,beginner,mountain_climbers,30,mountain_climbers.jpg
41,106,183,31.66,core,intermediate,crunches,50,crunches.jpg
27,77,165,28.28,upper_body,advanced,shoulder_press,75,shoulder_press.jpg
35,96,180,29.63,full_body,intermediate,box_jump,60,box_jump.jpg
23,75,162,28.57,muscle_gain,beginner,romanian_deadlift,40,romanian_deadlift.jpg
38,101,175,32.98,lower_body,beginner,glute_bridge,35,glute_bridge.jpg
46,113,190,31.31,fat_loss,advanced,high_knees,85,high_knees.jpg
28,70,165,25.71,core,beginner,russian_twist,30,russian_twist.jpg
31,91,176,29.38,upper_body,intermediate,pull_up,60,pull_up.jpg
42,109,185,31.85,full_body,advanced,burpees,90,burpees.jpg
19,67,153,28.63,muscle_gain,intermediate,squat,55,squat.jpg
36,97,174,32.06,lower_body,advanced,hip_thrust,80,hip_thrust.jpg
25,83,170,28.72,fat_loss,beginner,jumping_jacks,30,jumping_jacks.jpg
30,85,172,28.73,core,intermediate,bicycle_crunch,50,bicycle_crunch.jpg
22,70,158,28.04,upper_body,beginner,push_up,30,pushup.jpg
37,101,178,31.88,full_body,advanced,mountain_climbers,80,mountain_climbers.jpg
44,109,185,31.85,muscle_gain,intermediate,bench_press,65,bench_press.jpg
29,79,168,27.99,lower_body,beginner,calf_raise,30,calf_raise.jpg
33,94,175,30.69,fat_loss,intermediate,box_jump,55,box_jump.jpg
38,103,180,31.79,core,advanced,leg_raise,80,leg_raise.jpg
21,67,150,29.78,upper_body,beginner,dumbbell_curl,30,dumbbell_curl.jpg
40,105,182,31.70,full_body,intermediate,kettlebell_swing,65,kettlebell_swing.jpg
28,81,170,28.03,muscle_gain,advanced,deadlift,85,deadlift.jpg
34,96,177,30.65,lower_body,intermediate,lunges,60,lunges.jpg
45,112,188,31.68,fat_loss,beginner,burpees,40,burpees.jpg
26,75,160,29.30,core,advanced,plank,70,plank.jpg
32,89,174,29.39,upper_body,intermediate,triceps_dip,55,triceps_dip.jpg
24,80,165,29.38,full_body,beginner,squat,40,squat.jpg
39,100,178,31.56,muscle_gain,intermediate,goblet_squat,65,goblet_squat.jpg
33,98,170,33.91,lower_body,advanced,hip_thrust,85,hip_thrust.jpg
20,65,150,28.89,fat_loss,beginner,mountain_climbers,30,mountain_climbers.jpg
41,107,183,31.96,core,intermediate,crunches,50,crunches.jpg
27,78,165,28.65,upper_body,advanced,shoulder_press,75,shoulder_press.jpg
35,97,180,29.94,full_body,intermediate,box_jump,60,box_jump.jpg
23,76,162,28.96,muscle_gain,beginner,romanian_deadlift,40,romanian_deadlift.jpg
38,102,175,33.31,lower_body,beginner,glute_bridge,35,glute_bridge.jpg
46,114,190,31.58,fat_loss,advanced,high_knees,85,high_knees.jpg
29,72,165,26.44,core,beginner,russian_twist,30,russian_twist.jpg
31,92,176,29.70,upper_body,intermediate,pull_up,60,pull_up.jpg
42,110,185,32.14,full_body,advanced,burpees,90,burpees.jpg
18,63,155,26.22,muscle_gain,intermediate,squat,50,squat.jpg
36,98,174,32.39,lower_body,advanced,lunges,80,lunges.jpg
25,84,170,29.07,fat_loss,beginner,jumping_jacks,30,jumping_jacks.jpg
30,86,172,29.07,core,intermediate,bicycle_crunch,50,bicycle_crunch.jpg
22,71,158,28.44,upper_body,beginner,push_up,30,pushup.jpg
37,102,178,32.19,full_body,advanced,mountain_climbers,80,mountain_climbers.jpg
44,110,185,32.14,muscle_gain,intermediate,bench_press,65,bench_press.jpg
28,80,168,28.34,lower_body,beginner,calf_raise,30,calf_raise.jpg
33,95,175,31.02,fat_loss,intermediate,box_jump,55,box_jump.jpg
38,104,180,32.10,core,advanced,leg_raise,80,leg_raise.jpg
21,68,150,30.22,upper_body,beginner,dumbbell_curl,30,dumbbell_curl.jpg
40,106,182,32.00,full_body,intermediate,kettlebell_swing,65,kettlebell_swing.jpg
29,82,170,28.37,muscle_gain,advanced,deadlift,85,deadlift.jpg
34,97,177,30.97,lower_body,intermediate,hip_thrust,60,hip_thrust.jpg
45,113,188,31.96,fat_loss,beginner,burpees,40,burpees.jpg
26,76,160,29.69,core,advanced,plank,70,plank.jpg
32,90,174,29.73,upper_body,intermediate,triceps_dip,55,triceps_dip.jpg
24,81,165,29.75,full_body,beginner,squat,40,squat.jpg
39,101,178,31.88,muscle_gain,intermediate,goblet_squat,65,goblet_squat.jpg
33,99,170,34.26,lower_body,advanced,lunges,85,lunges.jpg
20,66,150,29.33,fat_loss,beginner,mountain_climbers,30,mountain_climbers.jpg
41,108,183,32.26,core,intermediate,crunches,50,crunches.jpg
27,79,165,29.02,upper_body,advanced,shoulder_press,75,shoulder_press.jpg
35,98,180,30.25,full_body,intermediate,box_jump,60,box_jump.jpg
23,77,162,29.34,muscle_gain,beginner,romanian_deadlift,40,romanian_deadlift.jpg
38,103,175,33.63,lower_body,beginner,glute_bridge,35,glute_bridge.jpg
46,115,190,31.86,fat_loss,advanced,high_knees,85,high_knees.jpg
28,71,165,26.08,core,beginner,russian_twist,30,russian_twist.jpg
31,93,176,30.02,upper_body,intermediate,pull_up,60,pull_up.jpg
42,111,185,32.43,full_body,advanced,burpees,90,burpees.jpg
19,68,153,29.06,muscle_gain,intermediate,squat,55,squat.jpg
36,99,174,32.72,lower_body,advanced,hip_thrust,80,hip_thrust.jpg
25,85,170,29.41,fat_loss,beginner,jumping_jacks,30,jumping_jacks.jpg
30,87,172,29.41,core,intermediate,bicycle_crunch,50,bicycle_crunch.jpg
22,72,158,28.84,upper_body,beginner,push_up,30,pushup.jpg
37,103,178,32.51,full_body,advanced,mountain_climbers,80,mountain_climbers.jpg
44,111,185,32.43,muscle_gain,intermediate,bench_press,65,bench_press.jpg
29,81,168,28.70,lower_body,beginner,calf_raise,30,calf_raise.jpg
33,96,175,31.35,fat_loss,intermediate,box_jump,55,box_jump.jpg
38,105,180,32.41,core,advanced,leg_raise,80,leg_raise.jpg
21,69,150,30.67,upper_body,beginner,dumbbell_curl,30,dumbbell_curl.jpg
40,107,182,32.30,full_body,intermediate,kettlebell_swing,65,kettlebell_swing.jpg
28,83,170,28.72,muscle_gain,advanced,deadlift,85,deadlift.jpg
34,98,177,31.29,lower_body,intermediate,lunges,60,lunges.jpg
45,114,188,32.24,fat_loss,beginner,burpees,40,burpees.jpg
26,77,160,30.08,core,advanced,plank,70,plank.jpg
32,91,174,30.06,upper_body,intermediate,triceps_dip,55,triceps_dip.jpg
24,82,165,30.12,full_body,beginner,squat,40,squat.jpg
39,102,178,32.19,muscle_gain,intermediate,goblet_squat,65,goblet_squat.jpg
33,100,170,34.60,lower_body,advanced,hip_thrust,85,hip_thrust.jpg
20,67,150,29.78,fat_loss,beginner,mountain_climbers,30,mountain_climbers.jpg
41,109,183,32.55,core,intermediate,crunches,50,crunches.jpg
27,80,165,29.38,upper_body,advanced,shoulder_press,75,shoulder_press.jpg
35,99,180,30.56,full_body,intermediate,box_jump,60,box_jump.jpg
23,78,162,29.72,muscle_gain,beginner,romanian_deadlift,40,romanian_deadlift.jpg
38,104,175,33.96,lower_body,beginner,glute_bridge,35,glute_bridge.jpg
46,116,190,32.14,fat_loss,advanced,high_knees,85,high_knees.jpg
29,73,165,26.82,core,beginner,russian_twist,30,russian_twist.jpg
31,94,176,30.35,upper_body,intermediate,pull_up,60,pull_up.jpg
42,112,185,32.73,full_body,advanced,burpees,90,burpees.jpg
18,64,155,26.64,muscle_gain,intermediate,squat,50,squat.jpg
36,100,174,33.06,lower_body,advanced,lunges,80,lunges.jpg
25,86,170,29.76,fat_loss,beginner,jumping_jacks,30,jumping_jacks.jpg
30,88,172,29.75,core,intermediate,bicycle_crunch,50,bicycle_crunch.jpg
22,73,158,29.24,upper_body,beginner,push_up,30,pushup.jpg
37,104,178,32.82,full_body,advanced,mountain_climbers,80,mountain_climbers.jpg
44,112,185,32.73,muscle_gain,intermediate,bench_press,65,bench_press.jpg
28,82,168,29.05,lower_body,beginner,calf_raise,30,calf_raise.jpg
33,97,175,31.68,fat_loss,intermediate,box_jump,55,box_jump.jpg
38,106,180,32.72,core,advanced,leg_raise,80,leg_raise.jpg
21,70,150,31.11,upper_body,beginner,dumbbell_curl,30,dumbbell_curl.jpg
40,108,182,32.60,full_body,intermediate,kettlebell_swing,65,kettlebell_swing.jpg
29,84,170,29.07,muscle_gain,advanced,deadlift,85,deadlift.jpg
34,99,177,31.61,lower_body,intermediate,hip_thrust,60,hip_thrust.jpg
45,115,188,32.52,fat_loss,beginner,burpees,40,burpees.jpg
26,78,160,30.47,core,advanced,plank,70,plank.jpg
32,92,174,30.39,upper_body,intermediate,triceps_dip,55,triceps_dip.jpg
24,83,165,30.48,full_body,beginner,squat,40,squat.jpg
39,103,178,32.51,muscle_gain,intermediate,goblet_squat,65,goblet_squat.jpg
33,101,170,34.95,lower_body,advanced,lunges,85,lunges.jpg
20,68,150,30.22,fat_loss,beginner,mountain_climbers,30,mountain_climbers.jpg
41,110,183,32.85,core,intermediate,crunches,50,crunches.jpg
27,81,165,29.75,upper_body,advanced,shoulder_press,75,shoulder_press.jpg
35,100,180,30.86,full_body,intermediate,box_jump,60,box_jump.jpg
23,79,162,30.10,muscle_gain,beginner,romanian_deadlift,40,romanian_deadlift.jpg
38,105,175,34.29,lower_body,beginner,glute_bridge,35,glute_bridge.jpg
46,117,190,32.41,fat_loss,advanced,high_knees,85,high_knees.jpg
28,72,165,26.44,core,beginner,russian_twist,30,russian_twist.jpg
31,95,176,30.67,upper_body,intermediate,pull_up,60,pull_up.jpg
42,113,185,33.02,full_body,advanced,burpees,90,burpees.jpg
19,69,153,29.48,muscle_gain,intermediate,squat,55,squat.jpg
36,101,174,33.39,lower_body,advanced,hip_thrust,80,hip_thrust.jpg
25,87,170,30.10,fat_loss,beginner,jumping_jacks,30,jumping_jacks.jpg
30,89,172,30.09,core,intermediate,bicycle_crunch,50,bicycle_crunch.jpg
22,74,158,29.64,upper_body,beginner,push_up,30,pushup.jpg
37,105,178,33.14,full_body,advanced,mountain_climbers,80,mountain_climbers.jpg
44,113,185,33.02,muscle_gain,intermediate,bench_press,65,bench_press.jpg
29,83,168,29.41,lower_body,beginner,calf_raise,30,calf_raise.jpg
33,98,175,32.02,fat_loss,intermediate,box_jump,55,box_jump.jpg
38,107,180,33.02,core,advanced,leg_raise,80,leg_raise.jpg
21,71,150,31.56,upper_body,beginner,dumbbell_curl,30,dumbbell_curl.jpg
40,109,182,32.90,full_body,intermediate,kettlebell_swing,65,kettlebell_swing.jpg
28,85,170,29.41,muscle_gain,advanced,deadlift,85,deadlift.jpg
34,100,177,31.93,lower_body,intermediate,lunges,60,lunges.jpg
45,116,188,32.80,fat_loss,beginner,burpees,40,burpees.jpg
26,79,160,30.86,core,advanced,plank,70,plank.jpg
32,93,174,30.72,upper_body,intermediate,triceps_dip,55,triceps_dip.jpg
24,84,165,30.85,full_body,beginner,squat,40,squat.jpg
39,104,178,32.82,muscle_gain,intermediate,goblet_squat,65,goblet_squat.jpg
33,102,170,35.29,lower_body,advanced,hip_thrust,85,hip_thrust.jpg
20,69,150,30.67,fat_loss,beginner,mountain_climbers,30,mountain_climbers.jpg
41,111,183,33.15,core,intermediate,crunches,50,crunches.jpg
27,82,165,30.12,upper_body,advanced,shoulder_press,75,shoulder_press.jpg
35,101,180,31.17,full_body,intermediate,box_jump,60,box_jump.jpg
23,80,162,30.48,muscle_gain,beginner,romanian_deadlift,40,romanian_deadlift.jpg
38,106,175,34.61,lower_body,beginner,glute_bridge,35,glute_bridge.jpg
46,118,190,32.69,fat_loss,advanced,high_knees,85,high_knees.jpg
29,74,165,27.18,core,beginner,russian_twist,30,russian_twist.jpg
31,96,176,30.99,upper_body,intermediate,pull_up,60,pull_up.jpg
42,114,185,33.31,full_body,advanced,burpees,90,burpees.jpg
18,65,155,27.05,muscle_gain,intermediate,squat,50,squat.jpg
36,102,174,33.73,lower_body,advanced,lunges,80,lunges.jpg
25,88,170,30.45,fat_loss,beginner,jumping_jacks,30,jumping_jacks.jpg
30,90,172,30.43,core,intermediate,bicycle_crunch,50,bicycle_crunch.jpg
22,75,158,30.04,upper_body,beginner,push_up,30,pushup.jpg
37,106,178,33.46,full_body,advanced,mountain_climbers,80,mountain_climbers.jpg
44,114,185,33.31,muscle_gain,intermediate,bench_press,65,bench_press.jpg
28,84,168,29.76,lower_body,beginner,calf_raise,30,calf_raise.jpg
33,99,175,32.35,fat_loss,intermediate,box_jump,55,box_jump.jpg
38,108,180,33.33,core,advanced,leg_raise,80,leg_raise.jpg
21,72,150,32.00,upper_body,beginner,dumbbell_curl,30,dumbbell_curl.jpg
40,110,182,33.21,full_body,intermediate,kettlebell_swing,65,kettlebell_swing.jpg
29,86,170,29.76,muscle_gain,advanced,deadlift,85,deadlift.jpg
34,101,177,32.25,lower_body,intermediate,hip_thrust,60,hip_thrust.jpg
45,117,188,33.08,fat_loss,beginner,burpees,40,burpees.jpg
26,80,160,31.25,core,advanced,plank,70,plank.jpg
32,94,174,31.05,upper_body,intermediate,triceps_dip,55,triceps_dip.jpg
24,85,165,31.22,full_body,beginner,squat,40,squat.jpg
39,105,178,33.14,muscle_gain,intermediate,goblet_squat,65,goblet_squat.jpg
33,103,170,35.64,lower_body,advanced,lunges,85,lunges.jpg
20,70,150,31.11,fat_loss,beginner,mountain_climbers,30,mountain_climbers.jpg
41,112,183,33.45,core,intermediate,crunches,50,crunches.jpg
27,83,165,30.48,upper_body,advanced,shoulder_press,75,shoulder_press.jpg
35,102,180,31.48,full_body,intermediate,box_jump,60,box_jump.jpg
23,81,162,30.86,muscle_gain,beginner,romanian_deadlift,40,romanian_deadlift.jpg
38,107,175,34.94,lower_body,beginner,glute_bridge,35,glute_bridge.jpg
46,119,190,32.96,fat_loss,advanced,high_knees,85,high_knees.jpg
28,73,165,26.82,core,beginner,russian_twist,30,russian_twist.jpg
31,97,176,31.31,upper_body,intermediate,pull_up,60,pull_up.jpg
42,115,185,33.60,full_body,advanced,burpees,90,burpees.jpg
19,70,153,29.91,muscle_gain,intermediate,squat,55,squat.jpg
36,103,174,34.06,lower_body,advanced,hip_thrust,80,hip_thrust.jpg
25,89,170,30.80,fat_loss,beginner,jumping_jacks,30,jumping_jacks.jpg
30,91,172,30.77,core,intermediate,bicycle_crunch,50,bicycle_crunch.jpg
22,76,158,30.44,upper_body,beginner,push_up,30,pushup.jpg
37,107,178,33.77,full_body,advanced,mountain_climbers,80,mountain_climbers.jpg
44,115,185,33.60,muscle_gain,intermediate,bench_press,65,bench_press.jpg
29,85,168,30.11,lower_body,beginner,calf_raise,30,calf_raise.jpg
33,100,175,32.65,fat_loss,intermediate,box_jump,55,box_jump.jpg
38,109,180,33.64,core,advanced,leg_raise,80,leg_raise.jpg
21,73,150,32.44,upper_body,beginner,dumbbell_curl,30,dumbbell_curl.jpg
40,111,182,33.51,full_body,intermediate,kettlebell_swing,65,kettlebell_swing.jpg
28,87,170,30.10,muscle_gain,advanced,deadlift,85,deadlift.jpg
34,102,177,32.57,lower_body,intermediate,lunges,60,lunges.jpg
45,118,188,33.36,fat_loss,beginner,burpees,40,burpees.jpg
26,81,160,31.64,core,advanced,plank,70,plank.jpg
32,95,174,31.38,upper_body,intermediate,triceps_dip,55,triceps_dip.jpg
24,86,165,31.59,full_body,beginner,squat,40,squat.jpg
39,106,178,33.46,muscle_gain,intermediate,goblet_squat,65,goblet_squat.jpg
33,104,170,35.99,lower_body,advanced,hip_thrust,85,hip_thrust.jpg
20,71,150,31.56,fat_loss,beginner,mountain_climbers,30,mountain_climbers.jpg
41,113,183,33.75,core,intermediate,crunches,50,crunches.jpg
27,84,165,30.85,upper_body,advanced,shoulder_press,75,shoulder_press.jpg
35,103,180,31.79,full_body,intermediate,box_jump,60,box_jump.jpg
23,82,162,31.24,muscle_gain,beginner,romanian_deadlift,40,romanian_deadlift.jpg
38,108,175,35.27,lower_body,beginner,glute_bridge,35,glute_bridge.jpg
46,120,190,33.24,fat_loss,advanced,high_knees,85,high_knees.jpg
29,75,165,27.55,core,beginner,russian_twist,30,russian_twist.jpg
31,98,176,31.64,upper_body,intermediate,pull_up,60,pull_up.jpg
42,116,185,33.90,full_body,advanced,burpees,90,burpees.jpg
18,66,155,27.48,muscle_gain,intermediate,squat,50,squat.jpg
36,104,174,34.40,lower_body,advanced,lunges,80,lunges.jpg
25,90,170,31.14,fat_loss,beginner,jumping_jacks,30,jumping_jacks.jpg
30,92,172,31.11,core,intermediate,bicycle_crunch,50,bicycle_crunch.jpg
22,77,158,30.84,upper_body,beginner,push_up,30,pushup.jpg
37,108,178,34.09,full_body,advanced,mountain_climbers,80,mountain_climbers.jpg
44,116,185,33.90,muscle_gain,intermediate,bench_press,65,bench_press.jpg
28,86,168,30.47,lower_body,beginner,calf_raise,30,calf_raise.jpg
33,101,175,32.98,fat_loss,intermediate,box_jump,55,box_jump.jpg
38,110,180,33.95,core,advanced,leg_raise,80,leg_raise.jpg
21,74,150,32.89,upper_body,beginner,dumbbell_curl,30,dumbbell_curl.jpg
40,112,182,33.81,full_body,intermediate,kettlebell_swing,65,kettlebell_swing.jpg
29,88,170,30.45,muscle_gain,advanced,deadlift,85,deadlift.jpg
34,103,177,32.88,lower_body,intermediate,hip_thrust,60,hip_thrust.jpg
45,119,188,33.64,fat_loss,beginner,burpees,40,burpees.jpg
26,82,160,32.03,core,advanced,plank,70,plank.jpg
32,96,174,31.71,upper_body,intermediate,triceps_dip,55,triceps_dip.jpg
24,87,165,31.96,full_body,beginner,squat,40,squat.jpg
39,107,178,33.77,muscle_gain,intermediate,goblet_squat,65,goblet_squat.jpg
33,105,170,36.33,lower_body,advanced,lunges,85,lunges.jpg
20,72,150,32.00,fat_loss,beginner,mountain_climbers,30,mountain_climbers.jpg
41,114,183,34.04,core,intermediate,crunches,50,crunches.jpg
27,85,165,31.22,upper_body,advanced,shoulder_press,75,shoulder_press.jpg
35,104,180,32.10,full_body,intermediate,box_jump,60,box_jump.jpg
23,83,162,31.62,muscle_gain,beginner,romanian_deadlift,40,romanian_deadlift.jpg
38,109,175,35.59,lower_body,beginner,glute_bridge,35,glute_bridge.jpg
46,121,190,33.52,fat_loss,advanced,high_knees,85,high_knees.jpg
28,74,165,27.18,core,beginner,russian_twist,30,russian_twist.jpg
31,99,176,31.96,upper_body,intermediate,pull_up,60,pull_up.jpg
42,117,185,34.19,full_body,advanced,burpees,90,burpees.jpg
19,71,153,30.33,muscle_gain,intermediate,squat,55,squat.jpg
36,105,174,34.73,lower_body,advanced,hip_thrust,80,hip_thrust.jpg
25,91,170,31.49,fat_loss,beginner,jumping_jacks,30,jumping_jacks.jpg
30,93,172,31.45,core,intermediate,bicycle_crunch,50,bicycle_crunch.jpg
22,78,158,31.24,upper_body,beginner,push_up,30,pushup.jpg
37,109,178,34.41,full_body,advanced,mountain_climbers,80,mountain_climbers.jpg
44,117,185,34.19,muscle_gain,intermediate,bench_press,65,bench_press.jpg
29,87,168,30.82,lower_body,beginner,calf_raise,30,calf_raise.jpg
33,102,175,33.31,fat_loss,intermediate,box_jump,55,box_jump.jpg
38,111,180,34.26,core,advanced,leg_raise,80,leg_raise.jpg
21,75,150,33.33,upper_body,beginner,dumbbell_curl,30,dumbbell_curl.jpg
40,113,182,34.11,full_body,intermediate,kettlebell_swing,65,kettlebell_swing.jpg
28,89,170,30.80,muscle_gain,advanced,deadlift,85,deadlift.jpg
34,104,177,33.20,lower_body,intermediate,lunges,60,lunges.jpg
45,120,188,33.93,fat_loss,beginner,burpees,40,burpees.jpg
26,83,160,32.42,core,advanced,plank,70,plank.jpg
32,97,174,32.04,upper_body,intermediate,triceps_dip,55,triceps_dip.jpg
24,88,165,32.32,full_body,beginner,squat,40,squat.jpg
39,108,178,34.09,muscle_gain,intermediate,goblet_squat,65,goblet_squat.jpg
33,106,170,36.68,lower_body,advanced,hip_thrust,85,hip_thrust.jpg
20,73,150,32.44,fat_loss,beginner,mountain_climbers,30,mountain_climbers.jpg
41,115,183,34.34,core,intermediate,crunches,50,crunches.jpg
27,86,165,31.59,upper_body,advanced,shoulder_press,75,shoulder_press.jpg
35,105,180,32.41,full_body,intermediate,box_jump,60,box_jump.jpg
23,84,162,32.01,muscle_gain,beginner,romanian_deadlift,40,romanian_deadlift.jpg
38,110,175,35.92,lower_body,beginner,glute_bridge,35,glute_bridge.jpg
46,122,190,33.80,fat_loss,advanced,high_knees,85,high_knees.jpg
29,76,165,27.91,core,beginner,russian_twist,30,russian_twist.jpg
31,100,176,32.28,upper_body,intermediate,pull_up,60,pull_up.jpg
42,118,185,34.48,full_body,advanced,burpees,90,burpees.jpg
18,67,155,27.89,muscle_gain,intermediate,squat,50,squat.jpg
36,106,174,35.07,lower_body,advanced,lunges,80,lunges.jpg
25,92,170,31.83,fat_loss,beginner,jumping_jacks,30,jumping_jacks.jpg
30,94,172,31.78,core,intermediate,bicycle_crunch,50,bicycle_crunch.jpg
22,79,158,31.64,upper_body,beginner,push_up,30,pushup.jpg
37,110,178,34.72,full_body,advanced,mountain_climbers,80,mountain_climbers.jpg
44,118,185,34.48,muscle_gain,intermediate,bench_press,65,bench_press.jpg
28,88,168,31.17,lower_body,beginner,calf_raise,30,calf_raise.jpg
33,103,175,33.63,fat_loss,intermediate,box_jump,55,box_jump.jpg
38,112,180,34.57,core,advanced,leg_raise,80,leg_raise.jpg
21,76,150,33.78,upper_body,beginner,dumbbell_curl,30,dumbbell_curl.jpg
40,114,182,34.41,full_body,intermediate,kettlebell_swing,65,kettlebell_swing.jpg
29,90,170,31.14,muscle_gain,advanced,deadlift,85,deadlift.jpg
34,105,177,33.52,lower_body,intermediate,hip_thrust,60,hip_thrust.jpg
45,121,188,34.21,fat_loss,beginner,burpees,40,burpees.jpg
26,84,160,32.81,core,advanced,plank,70,plank.jpg
32,98,174,32.38,upper_body,intermediate,triceps_dip,55,triceps_dip.jpg
24,89,165,32.69,full_body,beginner,squat,40,squat.jpg
39,109,178,34.41,muscle_gain,intermediate,goblet_squat,65,goblet_squat.jpg
33,107,170,37.02,lower_body,advanced,lunges,85,lunges.jpg
20,74,150,32.89,fat_loss,beginner,mountain_climbers,30,mountain_climbers.jpg
41,116,183,34.64,core,intermediate,crunches,50,crunches.jpg
27,87,165,31.96,upper_body,advanced,shoulder_press,75,shoulder_press.jpg
35,106,180,32.72,full_body,intermediate,box_jump,60,box_jump.jpg
23,85,162,32.39,muscle_gain,beginner,romanian_deadlift,40,romanian_deadlift.jpg
38,111,175,36.24,lower_body,beginner,glute_bridge,35,glute_bridge.jpg
46,123,190,34.07,fat_loss,advanced,high_knees,85,high_knees.jpg
28,75,165,27.55,core,beginner,russian_twist,30,russian_twist.jpg
31,101,176,32.60,upper_body,intermediate,pull_up,60,pull_up.jpg
42,119,185,34.77,full_body,advanced,burpees,90,burpees.jpg
19,72,153,30.76,muscle_gain,intermediate,squat,55,squat.jpg
36,107,174,35.40,lower_body,advanced,hip_thrust,80,hip_thrust.jpg
25,93,170,32.18,fat_loss,beginner,jumping_jacks,30,jumping_jacks.jpg
30,95,172,32.12,core,intermediate,bicycle_crunch,50,bicycle_crunch.jpg
22,80,158,32.04,upper_body,beginner,push_up,30,pushup.jpg
37,111,178,35.04,full_body,advanced,mountain_climbers,80,mountain_climbers.jpg
44,119,185,34.77,muscle_gain,intermediate,bench_press,65,bench_press.jpg
29,89,168,31.53,lower_body,beginner,calf_raise,30,calf_raise.jpg
33,104,175,33.96,fat_loss,intermediate,box_jump,55,box_jump.jpg
38,113,180,34.88,core,advanced,leg_raise,80,leg_raise.jpg
21,77,150,34.22,upper_body,beginner,dumbbell_curl,30,dumbbell_curl.jpg
40,115,182,34.71,full_body,intermediate,kettlebell_swing,65,kettlebell_swing.jpg
28,91,170,31.49,muscle_gain,advanced,deadlift,85,deadlift.jpg
34,106,177,33.84,lower_body,intermediate,lunges,60,lunges.jpg
45,122,188,34.49,fat_loss,beginner,burpees,40,burpees.jpg
26,85,160,33.20,core,advanced,plank,70,plank.jpg
32,99,174,32.71,upper_body,intermediate,triceps_dip,55,triceps_dip.jpg
24,90,165,33.06,full_body,beginner,squat,40,squat.jpg
39,110,178,34.72,muscle_gain,intermediate,goblet_squat,65,goblet_squat.jpg
33,108,170,37.37,lower_body,advanced,hip_thrust,85,hip_thrust.jpg
20,75,150,33.33,fat_loss,beginner,mountain_climbers,30,mountain_climbers.jpg
41,117,183,34.93,core,intermediate,crunches,50,crunches.jpg
27,88,165,32.32,upper_body,advanced,shoulder_press,75,shoulder_press.jpg
35,107,180,33.02,full_body,intermediate,box_jump,60,box_jump.jpg
23,86,162,32.77,muscle_gain,beginner,romanian_deadlift,40,romanian_deadlift.jpg
38,112,175,36.57,lower_body,beginner,glute_bridge,35,glute_bridge.jpg
46,124,190,34.35,fat_loss,advanced,high_knees,85,high_knees.jpg
29,77,165,28.28,core,beginner,russian_twist,30,russian_twist.jpg
31,102,176,32.92,upper_body,intermediate,pull_up,60,pull_up.jpg
42,120,185,35.06,full_body,advanced,burpees,90,burpees.jpg
18,68,155,28.31,muscle_gain,intermediate,squat,50,squat.jpg
36,108,174,35.74,lower_body,advanced,lunges,80,lunges.jpg
25,94,170,32.53,fat_loss,beginner,jumping_jacks,30,jumping_jacks.jpg
30,96,172,32.46,core,intermediate,bicycle_crunch,50,bicycle_crunch.jpg
22,81,158,32.44,upper_body,beginner,push_up,30,pushup.jpg
37,112,178,35.35,full_body,advanced,mountain_climbers,80,mountain_climbers.jpg
44,120,185,35.06,muscle_gain,intermediate,bench_press,65,bench_press.jpg
28,90,168,31.89,lower_body,beginner,calf_raise,30,calf_raise.jpg
33,105,175,34.29,fat_loss,intermediate,box_jump,55,box_jump.jpg
38,114,180,35.19,core,advanced,leg_raise,80,leg_raise.jpg
21,78,150,34.67,upper_body,beginner,dumbbell_curl,30,dumbbell_curl.jpg
40,116,182,35.01,full_body,intermediate,kettlebell_swing,65,kettlebell_swing.jpg
29,92,170,31.83,muscle_gain,advanced,deadlift,85,deadlift.jpg
34,107,177,34.16,lower_body,intermediate,hip_thrust,60,hip_thrust.jpg
45,123,188,34.77,fat_loss,beginner,burpees,40,burpees.jpg
26,86,160,33.59,core,advanced,plank,70,plank.jpg
32,100,174,33.05,upper_body,intermediate,triceps_dip,55,triceps_dip.jpg
24,91,165,33.42,full_body,beginner,squat,40,squat.jpg
39,111,178,35.04,muscle_gain,intermediate,goblet_squat,65,goblet_squat.jpg
33,109,170,37.72,lower_body,advanced,lunges,85,lunges.jpg
20,76,150,33.78,fat_loss,beginner,mountain_climbers,30,mountain_climbers.jpg
41,118,183,35.23,core,intermediate,crunches,50,crunches.jpg
27,89,165,32.69,upper_body,advanced,shoulder_press,75,shoulder_press.jpg
35,108,180,33.33,full_body,intermediate,box_jump,60,box_jump.jpg
23,87,162,33.15,muscle_gain,beginner,romanian_deadlift,40,romanian_deadlift.jpg
38,113,175,36.90,lower_body,beginner,glute_bridge,35,glute_bridge.jpg
46,125,190,34.63,fat_loss,advanced,high_knees,85,high_knees.jpg
28,76,165,27.91,core,beginner,russian_twist,30,russian_twist.jpg
31,103,176,33.24,upper_body,intermediate,pull_up,60,pull_up.jpg
42,121,185,35.35,full_body,advanced,burpees,90,burpees.jpg
19,73,153,31.19,muscle_gain,intermediate,squat,55,squat.jpg
36,109,174,36.07,lower_body,advanced,hip_thrust,80,hip_thrust.jpg
25,95,170,32.87,fat_loss,beginner,jumping_jacks,30,jumping_jacks.jpg
30,97,172,32.80,core,intermediate,bicycle_crunch,50,bicycle_crunch.jpg
22,82,158,32.84,upper_body,beginner,push_up,30,pushup.jpg
37,113,178,35.67,full_body,advanced,mountain_climbers,80,mountain_climbers.jpg
44,121,185,35.35,muscle_gain,intermediate,bench_press,65,bench_press.jpg
29,91,168,32.24,lower_body,beginner,calf_raise,30,calf_raise.jpg
33,106,175,34.61,fat_loss,intermediate,box_jump,55,box_jump.jpg
38,115,180,35.49,core,advanced,leg_raise,80,leg_raise.jpg
21,79,150,35.11,upper_body,beginner,dumbbell_curl,30,dumbbell_curl.jpg
40,117,182,35.31,full_body,intermediate,kettlebell_swing,65,kettlebell_swing.jpg
28,93,170,32.18,muscle_gain,advanced,deadlift,85,deadlift.jpg
34,108,177,34.48,lower_body,intermediate,lunges,60,lunges.jpg
45,124,188,35.05,fat_loss,beginner,burpees,40,burpees.jpg
26,87,160,33.98,core,advanced,plank,70,plank.jpg
32,101,174,33.38,upper_body,intermediate,triceps_dip,55,triceps_dip.jpg
24,92,165,33.79,full_body,beginner,squat,40,squat.jpg
39,112,178,35.35,muscle_gain,intermediate,goblet_squat,65,goblet_squat.jpg
33,110,170,38.06,lower_body,advanced,hip_thrust,85,hip_thrust.jpg
20,77,150,34.22,fat_loss,beginner,mountain_climbers,30,mountain_climbers.jpg
41,119,183,35.53,core,intermediate,crunches,50,crunches.jpg
27,90,165,33.06,upper_body,advanced,shoulder_press,75,shoulder_press.jpg
35,109,180,33.64,full_body,intermediate,box_jump,60,box_jump.jpg
23,88,162,33.54,muscle_gain,beginner,romanian_deadlift,40,romanian_deadlift.jpg
38,114,175,37.22,lower_body,beginner,glute_bridge,35,glute_bridge.jpg
46,126,190,34.90,fat_loss,advanced,high_knees,85,high_knees.jpg
29,78,165,28.65,core,beginner,russian_twist,30,russian_twist.jpg
31,104,176,33.56,upper_body,intermediate,pull_up,60,pull_up.jpg
42,122,185,35.64,full_body,advanced,burpees,90,burpees.jpg
18,69,155,28.72,muscle_gain,intermediate,squat,50,squat.jpg
36,110,174,36.40,lower_body,advanced,lunges,80,lunges.jpg
25,96,170,33.22,fat_loss,beginner,jumping_jacks,30,jumping_jacks.jpg
30,98,172,33.13,core,intermediate,bicycle_crunch,50,bicycle_crunch.jpg
22,83,158,33.24,upper_body,beginner,push_up,30,pushup.jpg
37,114,178,35.99,full_body,advanced,mountain_climbers,80,mountain_climbers.jpg
44,122,185,35.64,muscle_gain,intermediate,bench_press,65,bench_press.jpg
28,92,168,32.60,lower_body,beginner,calf_raise,30,calf_raise.jpg
33,107,175,34.94,fat_loss,intermediate,box_jump,55,box_jump.jpg
38,116,180,35.80,core,advanced,leg_raise,80,leg_raise.jpg
21,80,150,35.56,upper_body,beginner,dumbbell_curl,30,dumbbell_curl.jpg
40,118,182,35.62,full_body,intermediate,kettlebell_swing,65,kettlebell_swing.jpg
29,94,170,32.53,muscle_gain,advanced,deadlift,85,deadlift.jpg
34,109,177,34.80,lower_body,intermediate,hip_thrust,60,hip_thrust.jpg
45,125,188,35.33,fat_loss,beginner,burpees,40,burpees.jpg
26,88,160,34.38,core,advanced,plank,70,plank.jpg
32,102,174,33.71,upper_body,intermediate,triceps_dip,55,triceps_dip.jpg
24,93,165,34.16,full_body,beginner,squat,40,squat.jpg
39,113,178,35.67,muscle_gain,intermediate,goblet_squat,65,goblet_squat.jpg
33,111,170,38.41,lower_body,advanced,lunges,85,lunges.jpg
20,78,150,34.67,fat_loss,beginner,mountain_climbers,30,mountain_climbers.jpg
41,120,183,35.83,core,intermediate,crunches,50,crunches.jpg
27,91,165,33.42,upper_body,advanced,shoulder_press,75,shoulder_press.jpg
35,110,180,33.95,full_body,intermediate,box_jump,60,box_jump.jpg
23,89,162,33.92,muscle_gain,beginner,romanian_deadlift,40,romanian_deadlift.jpg
38,115,175,37.55,lower_body,beginner,glute_bridge,35,glute_bridge.jpg
46,127,190,35.18,fat_loss,advanced,high_knees,85,high_knees.jpg
28,77,165,28.28,core,beginner,russian_twist,30,russian_twist.jpg
31,105,176,33.88,upper_body,intermediate,pull_up,60,pull_up.jpg
42,123,185,35.93,full_body,advanced,burpees,90,burpees.jpg
19,74,153,31.62,muscle_gain,intermediate,squat,55,squat.jpg
36,111,174,36.73,lower_body,advanced,hip_thrust,80,hip_thrust.jpg
25,97,170,33.56,fat_loss,beginner,jumping_jacks,30,jumping_jacks.jpg
30,99,172,33.47,core,intermediate,bicycle_crunch,50,bicycle_crunch.jpg
22,84,158,33.64,upper_body,beginner,push_up,30,pushup.jpg
37,115,178,36.30,full_body,advanced,mountain_climbers,80,mountain_climbers.jpg
44,123,185,35.93,muscle_gain,intermediate,bench_press,65,bench_press.jpg
29,93,168,32.95,lower_body,beginner,calf_raise,30,calf_raise.jpg
33,108,175,35.27,fat_loss,intermediate,box_jump,55,box_jump.jpg
38,117,180,36.11,core,advanced,leg_raise,80,leg_raise.jpg
21,81,150,36.00,upper_body,beginner,dumbbell_curl,30,dumbbell_curl.jpg
40,119,182,35.92,full_body,intermediate,kettlebell_swing,65,kettlebell_swing.jpg
28,95,170,32.87,muscle_gain,advanced,deadlift,85,deadlift.jpg
34,110,177,35.12,lower_body,intermediate,lunges,60,lunges.jpg
45,126,188,35.61,fat_loss,beginner,burpees,40,burpees.jpg
26,89,160,34.77,core,advanced,plank,70,plank.jpg
32,103,174,34.04,upper_body,intermediate,triceps_dip,55,triceps_dip.jpg
24,94,165,34.53,full_body,beginner,squat,40,squat.jpg
39,114,178,35.99,muscle_gain,intermediate,goblet_squat,65,goblet_squat.jpg
33,112,170,38.75,lower_body,advanced,hip_thrust,85,hip_thrust.jpg
20,79,150,35.11,fat_loss,beginner,mountain_climbers,30,mountain_climbers.jpg
41,121,183,36.13,core,intermediate,crunches,50,crunches.jpg
27,92,165,33.79,upper_body,advanced,shoulder_press,75,shoulder_press.jpg
35,111,180,34.26,full_body,intermediate,box_jump,60,box_jump.jpg
23,90,162,34.29,muscle_gain,beginner,romanian_deadlift,40,romanian_deadlift.jpg
38,116,175,37.88,lower_body,beginner,glute_bridge,35,glute_bridge.jpg
46,128,190,35.45,fat_loss,advanced,high_knees,85,high_knees.jpg
29,79,165,29.02,core,beginner,russian_twist,30,russian_twist.jpg
31,106,176,34.20,upper_body,intermediate,pull_up,60,pull_up.jpg
42,124,185,36.22,full_body,advanced,burpees,90,burpees.jpg
18,70,155,29.14,muscle_gain,intermediate,squat,50,squat.jpg
36,112,174,37.07,lower_body,advanced,lunges,80,lunges.jpg
25,98,170,33.91,fat_loss,beginner,jumping_jacks,30,jumping_jacks.jpg
30,100,172,33.81,core,intermediate,bicycle_crunch,50,bicycle_crunch.jpg
22,85,158,34.04,upper_body,beginner,push_up,30,pushup.jpg
37,116,178,36.62,full_body,advanced,mountain_climbers,80,mountain_climbers.jpg
44,124,185,36.22,muscle_gain,intermediate,bench_press,65,bench_press.jpg
28,94,168,33.31,lower_body,beginner,calf_raise,30,calf_raise.jpg
33,109,175,35.59,fat_loss,intermediate,box_jump,55,box_jump.jpg
38,118,180,36.42,core,advanced,leg_raise,80,leg_raise.jpg
21,82,150,36.44,upper_body,beginner,dumbbell_curl,30,dumbbell_curl.jpg
40,120,182,36.22,full_body,intermediate,kettlebell_swing,65,kettlebell_swing.jpg
29,96,170,33.22,muscle_gain,advanced,deadlift,85,deadlift.jpg
34,111,177,35.44,lower_body,intermediate,hip_thrust,60,hip_thrust.jpg
45,127,188,35.89,fat_loss,beginner,burpees,40,burpees.jpg
26,90,160,35.16,core,advanced,plank,70,plank.jpg
32,104,174,34.37,upper_body,intermediate,triceps_dip,55,triceps_dip.jpg
24,95,165,34.89,full_body,beginner,squat,40,squat.jpg
39,115,178,36.30,muscle_gain,intermediate,goblet_squat,65,goblet_squat.jpg
33,113,170,39.10,lower_body,advanced,lunges,85,lunges.jpg
20,80,150,35.56,fat_loss,beginner,mountain_climbers,30,mountain_climbers.jpg
41,122,183,36.43,core,intermediate,crunches,50,crunches.jpg
27,93,165,34.16,upper_body,advanced,shoulder_press,75,shoulder_press.jpg
35,112,180,34.57,full_body,intermediate,box_jump,60,box_jump.jpg
23,91,162,34.67,muscle_gain,beginner,romanian_deadlift,40,romanian_deadlift.jpg
38,117,175,38.20,lower_body,beginner,glute_bridge,35,glute_bridge.jpg
46,129,190,35.73,fat_loss,advanced,high_knees,85,high_knees.jpg
28,78,165,28.65,core,beginner,russian_twist,30,russian_twist.jpg
31,107,176,34.52,upper_body,intermediate,pull_up,60,pull_up.jpg
42,125,185,36.51,full_body,advanced,burpees,90,burpees.jpg
19,75,153,32.05,muscle_gain,intermediate,squat,55,squat.jpg
36,113,174,37.40,lower_body,advanced,hip_thrust,80,hip_thrust.jpg
25,99,170,34.26,fat_loss,beginner,jumping_jacks,30,jumping_jacks.jpg
30,101,172,34.14,core,intermediate,bicycle_crunch,50,bicycle_crunch.jpg
22,86,158,34.44,upper_body,beginner,push_up,30,pushup.jpg
37,117,178,36.93,full_body,advanced,mountain_climbers,80,mountain_climbers.jpg
44,125,185,36.51,muscle_gain,intermediate,bench_press,65,bench_press.jpg
29,95,168,33.66,lower_body,beginner,calf_raise,30,calf_raise.jpg
33,110,175,35.92,fat_loss,intermediate,box_jump,55,box_jump.jpg
38,119,180,36.73,core,advanced,leg_raise,80,leg_raise.jpg
21,83,150,36.89,upper_body,beginner,dumbbell_curl,30,dumbbell_curl.jpg
40,121,182,36.52,full_body,intermediate,kettlebell_swing,65,kettlebell_swing.jpg
28,97,170,33.56,muscle_gain,advanced,deadlift,85,deadlift.jpg
34,112,177,35.76,lower_body,intermediate,lunges,60,lunges.jpg
45,128,188,36.18,fat_loss,beginner,burpees,40,burpees.jpg
26,91,160,35.55,core,advanced,plank,70,plank.jpg
32,105,174,34.70,upper_body,intermediate,triceps_dip,55,triceps_dip.jpg
24,96,165,35.26,full_body,beginner,squat,40,squat.jpg
39,116,178,36.62,muscle_gain,intermediate,goblet_squat,65,goblet_squat.jpg
33,114,170,39.45,lower_body,advanced,hip_thrust,85,hip_thrust.jpg
20,81,150,36.00,fat_loss,beginner,mountain_climbers,30,mountain_climbers.jpg
41,123,183,36.73,core,intermediate,crunches,50,crunches.jpg
27,94,165,34.53,upper_body,advanced,shoulder_press,75,shoulder_press.jpg
35,113,180,34.88,full_body,intermediate,box_jump,60,box_jump.jpg
23,92,162,35.04,muscle_gain,beginner,romanian_deadlift,40,romanian_deadlift.jpg
38,118,175,38.53,lower_body,beginner,glute_bridge,35,glute_bridge.jpg
46,130,190,36.01,fat_loss,advanced,high_knees,85,high_knees.jpg
29,80,165,29.38,core,beginner,russian_twist,30,russian_twist.jpg
31,108,176,34.84,upper_body,intermediate,pull_up,60,pull_up.jpg
42,126,185,36.80,full_body,advanced,burpees,90,burpees.jpg
18,71,155,29.55,muscle_gain,intermediate,squat,50,squat.jpg
36,114,174,37.74,lower_body,advanced,lunges,80,lunges.jpg
25,100,170,34.60,fat_loss,beginner,jumping_jacks,30,jumping_jacks.jpg
30,102,172,34.48,core,intermediate,bicycle_crunch,50,bicycle_crunch.jpg
22,87,158,34.84,upper_body,beginner,push_up,30,pushup.jpg
37,118,178,37.25,full_body,advanced,mountain_climbers,80,mountain_climbers.jpg
44,126,185,36.80,muscle_gain,intermediate,bench_press,65,bench_press.jpg
28,96,168,34.01,lower_body,beginner,calf_raise,30,calf_raise.jpg
33,111,175,36.24,fat_loss,intermediate,box_jump,55,box_jump.jpg
38,120,180,37.04,core,advanced,leg_raise,80,leg_raise.jpg
21,84,150,37.33,upper_body,beginner,dumbbell_curl,30,dumbbell_curl.jpg
40,122,182,36.82,full_body,intermediate,kettlebell_swing,65,kettlebell_swing.jpg
29,98,170,33.91,muscle_gain,advanced,deadlift,85,deadlift.jpg
34,113,177,36.08,lower_body,intermediate,hip_thrust,60,hip_thrust.jpg
45,129,188,36.46,fat_loss,beginner,burpees,40,burpees.jpg
26,92,160,35.94,core,advanced,plank,70,plank.jpg
32,106,174,35.03,upper_body,intermediate,triceps_dip,55,triceps_dip.jpg
24,97,165,35.63,full_body,beginner,squat,40,squat.jpg
39,117,178,36.93,muscle_gain,intermediate,goblet_squat,65,goblet_squat.jpg
33,115,170,39.79,lower_body,advanced,lunges,85,lunges.jpg
20,82,150,36.44,fat_loss,beginner,mountain_climbers,30,mountain_climbers.jpg
41,124,183,37.03,core,intermediate,crunches,50,crunches.jpg
27,95,165,34.89,upper_body,advanced,shoulder_press,75,shoulder_press.jpg
35,114,180,35.19,full_body,intermediate,box_jump,60,box_jump.jpg
23,93,162,35.42,muscle_gain,beginner,romanian_deadlift,40,romanian_deadlift.jpg
38,119,175,38.86,lower_body,beginner,glute_bridge,35,glute_bridge.jpg
46,131,190,36.28,fat_loss,advanced,high_knees,85,high_knees.jpg
28,79,165,29.02,core,beginner,russian_twist,30,russian_twist.jpg
31,109,176,35.16,upper_body,intermediate,pull_up,60,pull_up.jpg
42,127,185,37.10,full_body,advanced,burpees,90,burpees.jpg
19,76,153,32.48,muscle_gain,intermediate,squat,55,squat.jpg
36,115,174,38.07,lower_body,advanced,hip_thrust,80,hip_thrust.jpg
25,101,170,34.95,fat_loss,beginner,jumping_jacks,30,jumping_jacks.jpg
30,103,172,34.82,core,intermediate,bicycle_crunch,50,bicycle_crunch.jpg
22,88,158,35.24,upper_body,beginner,push_up,30,pushup.jpg
37,119,178,37.56,full_body,advanced,mountain_climbers,80,mountain_climbers.jpg
44,127,185,37.10,muscle_gain,intermediate,bench_press,65,bench_press.jpg
29,97,168,34.36,lower_body,beginner,calf_raise,30,calf_raise.jpg
33,112,175,36.57,fat_loss,intermediate,box_jump,55,box_jump.jpg
38,121,180,37.35,core,advanced,leg_raise,80,leg_raise.jpg
21,85,150,37.78,upper_body,beginner,dumbbell_curl,30,dumbbell_curl.jpg
40,123,182,37.12,full_body,intermediate,kettlebell_swing,65,kettlebell_swing.jpg
28,99,170,34.26,muscle_gain,advanced,deadlift,85,deadlift.jpg
34,114,177,36.40,lower_body,intermediate,lunges,60,lunges.jpg
45,130,188,36.74,fat_loss,beginner,burpees,40,burpees.jpg
26,93,160,36.33,core,advanced,plank,70,plank.jpg
32,107,174,35.36,upper_body,intermediate,triceps_dip,55,triceps_dip.jpg
24,98,165,35.99,full_body,beginner,squat,40,squat.jpg
39,118,178,37.25,muscle_gain,intermediate,goblet_squat,65,goblet_squat.jpg
33,116,170,40.14,lower_body,advanced,hip_thrust,85,hip_thrust.jpg
20,83,150,36.89,fat_loss,beginner,mountain_climbers,30,mountain_climbers.jpg
41,125,183,37.33,core,intermediate,crunches,50,crunches.jpg
27,96,165,35.26,upper_body,advanced,shoulder_press,75,shoulder_press.jpg
35,115,180,35.49,full_body,intermediate,box_jump,60,box_jump.jpg
23,94,162,35.80,muscle_gain,beginner,romanian_deadlift,40,romanian_deadlift.jpg
38,120,175,39.18,lower_body,beginner,glute_bridge,35,glute_bridge.jpg
46,132,190,36.56,fat_loss,advanced,high_knees,85,high_knees.jpg
29,81,165,29.75,core,beginner,russian_twist,30,russian_twist.jpg
31,110,176,35.48,upper_body,intermediate,pull_up,60,pull_up.jpg
42,128,185,37.39,full_body,advanced,burpees,90,burpees.jpg
18,72,155,29.97,muscle_gain,intermediate,squat,50,squat.jpg
36,116,174,38.41,lower_body,advanced,lunges,80,lunges.jpg
25,102,170,35.29,fat_loss,beginner,jumping_jacks,30,jumping_jacks.jpg
30,104,172,35.15,core,intermediate,bicycle_crunch,50,bicycle_crunch.jpg
22,89,158,35.64,upper_body,beginner,push_up,30,pushup.jpg
37,120,178,37.88,full_body,advanced,mountain_climbers,80,mountain_climbers.jpg
44,128,185,37.39,muscle_gain,intermediate,bench_press,65,bench_press.jpg
28,98,168,34.72,lower_body,beginner,calf_raise,30,calf_raise.jpg
33,113,175,36.90,fat_loss,intermediate,box_jump,55,box_jump.jpg
38,122,180,37.65,core,advanced,leg_raise,80,leg_raise.jpg 